-- phpMyAdmin SQL Dump
-- version 4.9.0.1
-- https://www.phpmyadmin.net/
--
-- Host: localhost:3306
-- Generation Time: Feb 17, 2020 at 08:06 AM
-- Server version: 5.7.26
-- PHP Version: 7.2.21

SET SQL_MODE = "NO_AUTO_VALUE_ON_ZERO";
SET time_zone = "+00:00";

--
-- Database: `webservice`
--

-- --------------------------------------------------------

--
-- Table structure for table `alert_recommend`
--

CREATE TABLE `alert_recommend` (
  `id` int(11) NOT NULL,
  `workTypeId` int(11) NOT NULL,
  `organizationId` int(11) NOT NULL,
  `flowType` int(11) NOT NULL,
  `recommend` varchar(300) NOT NULL,
  `createdAt` timestamp NOT NULL DEFAULT CURRENT_TIMESTAMP ON UPDATE CURRENT_TIMESTAMP,
  `updatedAt` timestamp NOT NULL DEFAULT '0000-00-00 00:00:00',
  `required` smallint(6) DEFAULT NULL
) ENGINE=InnoDB DEFAULT CHARSET=utf8;

--
-- Dumping data for table `alert_recommend`
--

INSERT INTO `alert_recommend` (`id`, `workTypeId`, `organizationId`, `flowType`, `recommend`, `createdAt`, `updatedAt`, `required`) VALUES
(1, 1, 1, 1, 'sample message', '2020-01-03 02:41:49', '2020-01-15 17:00:00', NULL);

-- --------------------------------------------------------

--
-- Table structure for table `audio`
--

CREATE TABLE `audio` (
  `id` int(11) NOT NULL,
  `checkType` int(11) NOT NULL,
  `taskId` bigint(20) NOT NULL,
  `fileCode` varchar(255) NOT NULL,
  `fileName` varchar(255) NOT NULL,
  `createdAt` timestamp NOT NULL DEFAULT CURRENT_TIMESTAMP ON UPDATE CURRENT_TIMESTAMP,
  `updatedAt` timestamp NOT NULL DEFAULT '0000-00-00 00:00:00'
) ENGINE=InnoDB DEFAULT CHARSET=utf8;

--
-- Dumping data for table `audio`
--

INSERT INTO `audio` (`id`, `checkType`, `taskId`, `fileCode`, `fileName`, `createdAt`, `updatedAt`) VALUES
(1, 1, 108, '6_ft1000019_20200107_0107-2.mp4', 'DucPhuc.mp3', '2020-02-13 07:41:07', '0000-00-00 00:00:00'),
(5, 1, 4, '10__20200108_1000.mp4', '10__20200108_1000.mp4', '2020-01-08 02:50:34', '0000-00-00 00:00:00'),
(6, 1, 5, '1_FT1000020_20200108_0108-1.mp4', '1_FT1000020_20200108_0108-1.mp4', '2020-01-08 02:52:58', '0000-00-00 00:00:00'),
(7, 1, 6, '1_FT1000020_20200108_0108-2.mp4', '1_FT1000020_20200108_0108-2.mp4', '2020-01-08 02:55:11', '0000-00-00 00:00:00'),
(8, 1, 7, 'audio.mp4', 'audio.mp4', '2020-01-15 06:25:05', '0000-00-00 00:00:00');

-- --------------------------------------------------------

--
-- Table structure for table `confirm_type`
--

CREATE TABLE `confirm_type` (
  `id` int(11) NOT NULL,
  `name` varchar(100) NOT NULL,
  `createdAt` timestamp NOT NULL DEFAULT CURRENT_TIMESTAMP ON UPDATE CURRENT_TIMESTAMP,
  `updatedAt` timestamp NOT NULL DEFAULT '0000-00-00 00:00:00',
  `isRecordAudio` smallint(6) DEFAULT NULL,
  `aerialWork` smallint(6) NOT NULL,
  `displayOrder` int(11) NOT NULL
) ENGINE=InnoDB DEFAULT CHARSET=utf8;

--
-- Dumping data for table `confirm_type`
--

INSERT INTO `confirm_type` (`id`, `name`, `createdAt`, `updatedAt`, `isRecordAudio`, `aerialWork`, `displayOrder`) VALUES
(1, '昇柱-補助梯子', '2019-12-17 01:18:18', '0000-00-00 00:00:00', NULL, 1, 1),
(2, '昇柱-脚立', '2019-12-17 01:18:18', '0000-00-00 00:00:00', 0, 1, 4),
(3, '昇柱-梯子', '2019-12-17 01:26:40', '0000-00-00 00:00:00', 1, 1, 2),
(4, '梯子-柱間', '2019-12-17 01:19:07', '0000-00-00 00:00:00', 0, 1, 6),
(5, '梯子-家屋', '2019-12-17 01:21:35', '0000-00-00 00:00:00', NULL, 1, 3),
(6, '脚立-通常', '2019-12-17 01:21:35', '0000-00-00 00:00:00', NULL, 1, 7),
(7, '脚立-開き', '2019-12-17 01:21:35', '0000-00-00 00:00:00', NULL, 1, 8),
(8, 'バケット-張出後', '2019-12-17 01:26:48', '0000-00-00 00:00:00', 1, 1, 5),
(9, '支店独自①', '2019-12-17 01:25:44', '0000-00-00 00:00:00', 1, 1, 9),
(10, '支店独自②', '2019-12-17 01:25:44', '0000-00-00 00:00:00', 1, 1, 10),
(11, '支店独自③', '2019-12-17 01:25:44', '0000-00-00 00:00:00', 1, 1, 11),
(12, '宅内', '2019-12-17 01:27:14', '0000-00-00 00:00:00', 1, 1, 16),
(13, '屋根上ー応援', '2019-12-17 01:27:00', '0000-00-00 00:00:00', 1, 1, 14),
(14, '天井裏－応援', '2019-12-17 01:27:05', '0000-00-00 00:00:00', 1, 1, 13),
(16, '屋根上-作業開始連絡', '2019-12-17 01:26:54', '0000-00-00 00:00:00', 1, 1, 12),
(17, '事務所への相談', '2019-12-17 01:25:44', '0000-00-00 00:00:00', 1, 1, 17),
(18, '天井裏－作業開始連絡', '2019-12-17 01:25:44', '0000-00-00 00:00:00', 1, 1, 18),
(19, '鉄塔－確認', '2019-12-17 01:25:44', '0000-00-00 00:00:00', 1, 1, 19),
(20, 'ＭＨ－確認', '2019-12-17 01:25:44', '0000-00-00 00:00:00', 1, 1, 20),
(21, '事務所と２Way確認', '2019-12-17 01:26:25', '0000-00-00 00:00:00', 0, 1, 21);

-- --------------------------------------------------------

--
-- Table structure for table `image`
--

CREATE TABLE `image` (
  `id` int(11) NOT NULL,
  `checkType` int(11) NOT NULL,
  `taskId` bigint(20) NOT NULL,
  `checkItemId` int(11) DEFAULT NULL,
  `fileCode` varchar(255) NOT NULL,
  `fileName` varchar(255) NOT NULL,
  `objectRecognizeResult` smallint(6) DEFAULT NULL,
  `isConfirmed` smallint(6) DEFAULT NULL,
  `createdAt` timestamp NOT NULL DEFAULT CURRENT_TIMESTAMP ON UPDATE CURRENT_TIMESTAMP,
  `updatedAt` timestamp NOT NULL DEFAULT '0000-00-00 00:00:00'
) ENGINE=InnoDB DEFAULT CHARSET=utf8;

--
-- Dumping data for table `image`
--

INSERT INTO `image` (`id`, `checkType`, `taskId`, `checkItemId`, `fileCode`, `fileName`, `objectRecognizeResult`, `isConfirmed`, `createdAt`, `updatedAt`) VALUES
(1, 1, 108, 14, '6_ft1000019_20200107_0107-2_14.jpg', 'yii2-app-development.jpg', NULL, 0, '2020-02-13 07:25:44', '0000-00-00 00:00:00'),
(6, 1, 108, 18, '10__20200108_1000_18.jpg', 'tan.jpg', NULL, 0, '2020-02-13 07:16:33', '0000-00-00 00:00:00'),
(7, 1, 108, 1, '1_FT1000020_20200108_0108-1_1.jpg', 'yii2-app-development.jpg', NULL, 1, '2020-02-14 02:07:56', '0000-00-00 00:00:00'),
(8, 1, 108, 2, '1_FT1000020_20200108_0108-1_2.jpg', 'yii2-app-development.jpg', NULL, 0, '2020-02-14 02:07:58', '0000-00-00 00:00:00'),
(9, 1, 108, 1, '1_FT1000020_20200108_0108-2_1.jpg', 'tan.jpg', NULL, 1, '2020-02-14 02:08:03', '0000-00-00 00:00:00'),
(10, 1, 108, 2, '1_FT1000020_20200108_0108-2_2.jpg', 'tan.jpg', NULL, 0, '2020-02-14 02:08:05', '0000-00-00 00:00:00'),
(11, 1, 7, 1, 'image.png', 'image.png', 1, NULL, '2020-01-15 06:25:05', '0000-00-00 00:00:00');

-- --------------------------------------------------------

--
-- Table structure for table `log`
--

CREATE TABLE `log` (
  `id` int(11) NOT NULL,
  `flow` varchar(255) NOT NULL,
  `workDate` date NOT NULL,
  `userId` int(11) NOT NULL,
  `workId` bigint(20) NOT NULL,
  `eventId` varchar(4) NOT NULL,
  `powerAIResult` int(11) DEFAULT NULL,
  `powerAIInTime` varchar(12) DEFAULT NULL,
  `powerAIOutTime` varchar(12) DEFAULT NULL,
  `powerAICertainty` double DEFAULT NULL,
  `workTypeId` int(11) DEFAULT NULL,
  `status` smallint(6) DEFAULT NULL,
  `time` varchar(12) NOT NULL,
  `datetime` timestamp NOT NULL DEFAULT CURRENT_TIMESTAMP ON UPDATE CURRENT_TIMESTAMP,
  `ObjectRecognitionResult` varchar(255) DEFAULT NULL
) ENGINE=InnoDB DEFAULT CHARSET=utf8;

--
-- Dumping data for table `log`
--

INSERT INTO `log` (`id`, `flow`, `workDate`, `userId`, `workId`, `eventId`, `powerAIResult`, `powerAIInTime`, `powerAIOutTime`, `powerAICertainty`, `workTypeId`, `status`, `time`, `datetime`, `ObjectRecognitionResult`) VALUES
(2, 'KY', '2020-01-08', 51, 96, 'E22', NULL, NULL, NULL, NULL, 0, 0, '2020-01-08', '2020-01-07 19:53:08', NULL),
(3, 'KY', '2020-01-08', 51, 96, 'E31', NULL, NULL, NULL, NULL, 0, 0, '2020-01-08', '2020-01-07 19:53:08', NULL),
(4, 'KY', '2020-01-08', 51, 96, 'E40', NULL, NULL, NULL, NULL, 1, 0, '2020-01-08', '2020-01-07 19:53:08', NULL),
(5, 'KY', '2020-01-08', 51, 96, 'E31', NULL, NULL, NULL, NULL, 0, 1, '2020-01-08', '2020-01-07 19:53:08', NULL),
(6, 'KY', '2020-01-08', 51, 96, 'E31', NULL, NULL, NULL, NULL, 0, 0, '2020-01-08', '2020-01-07 19:53:08', NULL),
(7, 'KY', '2020-01-08', 51, 96, 'E31', NULL, NULL, NULL, NULL, 0, 1, '2020-01-08', '2020-01-07 19:53:08', NULL),
(8, 'KY', '2020-01-08', 51, 96, 'E31', NULL, NULL, NULL, NULL, 0, 1, '2020-01-08', '2020-01-07 19:53:08', NULL),
(9, 'KY', '2020-01-08', 51, 96, 'E31', NULL, NULL, NULL, NULL, 0, 0, '2020-01-08', '2020-01-07 19:53:08', NULL),
(10, 'KY', '2020-01-08', 51, 96, 'E31', NULL, NULL, NULL, NULL, 0, 0, '2020-01-08', '2020-01-07 19:53:08', NULL),
(11, 'KY', '2020-01-08', 51, 96, 'E80', NULL, NULL, NULL, NULL, 0, 0, '2020-01-08', '2020-01-07 19:53:08', NULL),
(12, 'KY', '2020-01-08', 51, 96, 'E84', NULL, NULL, NULL, NULL, 0, 0, '2020-01-08', '2020-01-07 19:53:08', NULL),
(13, 'KY', '2020-01-08', 51, 96, 'E84', NULL, NULL, NULL, NULL, 0, 1, '2020-01-08', '2020-01-07 19:53:08', NULL),
(14, 'KY', '2020-01-08', 51, 96, 'E23', NULL, NULL, NULL, NULL, 0, 1, '2020-01-08', '2020-01-07 19:53:08', NULL),
(15, 'KY', '2020-01-08', 51, 96, 'E23', NULL, NULL, NULL, NULL, 0, 1, '2020-01-08', '2020-01-07 19:53:08', NULL),
(16, 'KY', '2020-01-08', 51, 97, 'E22', NULL, NULL, NULL, NULL, 0, 0, '2020-01-08', '2020-01-07 19:55:18', NULL),
(17, 'KY', '2020-01-08', 51, 97, 'E31', NULL, NULL, NULL, NULL, 0, 0, '2020-01-08', '2020-01-07 19:55:18', NULL),
(18, 'KY', '2020-01-08', 51, 97, 'E40', NULL, NULL, NULL, NULL, 1, 0, '2020-01-08', '2020-01-07 19:55:18', NULL),
(19, 'KY', '2020-01-08', 51, 97, 'E41', NULL, NULL, NULL, NULL, 0, 0, '2020-01-08', '2020-01-07 19:55:18', NULL),
(20, 'KY', '2020-01-08', 51, 97, 'E31', NULL, NULL, NULL, NULL, 0, 1, '2020-01-08', '2020-01-07 19:55:18', NULL),
(21, 'KY', '2020-01-08', 51, 97, 'E31', NULL, NULL, NULL, NULL, 0, 0, '2020-01-08', '2020-01-07 19:55:18', NULL),
(22, 'KY', '2020-01-08', 51, 97, 'E31', NULL, NULL, NULL, NULL, 0, 1, '2020-01-08', '2020-01-07 19:55:18', NULL),
(23, 'KY', '2020-01-08', 51, 97, 'E31', NULL, NULL, NULL, NULL, 0, 0, '2020-01-08', '2020-01-07 19:55:18', NULL),
(24, 'KY', '2020-01-08', 51, 97, 'E80', NULL, NULL, NULL, NULL, 0, 0, '2020-01-08', '2020-01-07 19:55:18', NULL),
(25, 'KY', '2020-01-08', 51, 97, 'E84', NULL, NULL, NULL, NULL, 0, 0, '2020-01-08', '2020-01-07 19:55:18', NULL),
(26, 'KY', '2020-01-08', 51, 97, 'E84', NULL, NULL, NULL, NULL, 0, 1, '2020-01-08', '2020-01-07 19:55:18', NULL),
(27, 'KY', '2020-01-08', 51, 97, 'E23', NULL, NULL, NULL, NULL, 0, 1, '2020-01-08', '2020-01-07 19:55:18', NULL);

-- --------------------------------------------------------

--
-- Table structure for table `master_update`
--

CREATE TABLE `master_update` (
  `id` int(11) NOT NULL,
  `key` varchar(100) NOT NULL,
  `updateTime` timestamp NOT NULL DEFAULT CURRENT_TIMESTAMP ON UPDATE CURRENT_TIMESTAMP
) ENGINE=InnoDB DEFAULT CHARSET=utf8;

--
-- Dumping data for table `master_update`
--

INSERT INTO `master_update` (`id`, `key`, `updateTime`) VALUES
(1, 'recommend', '2020-01-02 09:49:55');

-- --------------------------------------------------------

--
-- Table structure for table `migration`
--

CREATE TABLE `migration` (
  `version` varchar(180) NOT NULL,
  `apply_time` int(11) DEFAULT NULL
) ENGINE=InnoDB DEFAULT CHARSET=utf8;

--
-- Dumping data for table `migration`
--

INSERT INTO `migration` (`version`, `apply_time`) VALUES
('m000000_000000_base', 1577249938),
('m191210_020236_category', 1577249942),
('m191225_045814_work', 1577249942),
('m191230_025605_log', 1577674620),
('m191231_084904_office_check_task', 1577782310),
('m191231_085048_self_check_task', 1577782310),
('m191231_085353_audio', 1577782618),
('m191231_085451_image', 1577782618),
('m200102_094602_alert_recommend', 1577958527),
('m200102_094704_mater_update', 1577958595);

-- --------------------------------------------------------

--
-- Table structure for table `office_check_item`
--

CREATE TABLE `office_check_item` (
  `id` int(2) DEFAULT NULL,
  `confirmTypeId` int(1) DEFAULT NULL,
  `name` varchar(13) DEFAULT NULL,
  `message` varchar(78) DEFAULT NULL,
  `isObjectRecognition` int(1) DEFAULT NULL,
  `createdAt` varchar(26) DEFAULT NULL,
  `updatedAt` varchar(26) DEFAULT NULL
) ENGINE=InnoDB DEFAULT CHARSET=utf8;

--
-- Dumping data for table `office_check_item`
--

INSERT INTO `office_check_item` (`id`, `confirmTypeId`, `name`, `message`, `isObjectRecognition`, `createdAt`, `updatedAt`) VALUES
(1, 1, '作業環境の全景', '[\"バケット車は使えないか\",\" ルート変更等で屋根上作業を回避できないか\",\" 身体を支持できるか\",\" 昇ることができる屋根か\",\" マニュアル参照\"]', 0, '2019-09-06-10.20.02.528000', '2019-09-06-10.20.02.528000'),
(2, 1, '作業環境の詳細①', '[\"屋根上で移動する可能性がある場所を可能な限り撮影してください\"]', 0, '2019-09-06-10.20.02.528000', '2019-09-06-10.20.02.528000'),
(3, 1, '作業環境の詳細②', '[\"屋根上で移動する可能性がある場所を可能な限り撮影してください\"]', 0, '2019-09-06-10.20.02.528000', '2019-09-06-10.20.02.528000'),
(4, 1, '作業環境の詳細③', '[\"足りない場合は「その他画像撮影」から撮影してください\"]', 0, '2019-09-06-10.20.02.528000', '2019-09-06-10.20.02.528000'),
(5, 1, 'その他画像撮影', '[\"屋根上で移動する可能性がある場所を可能な限り撮影してください\"]', 0, '2019-09-06-10.20.02.528000', '2019-09-06-10.20.02.528000'),
(6, 2, '天井裏への登り口', '[\"マニュアル参照\"]', 0, '2019-09-06-10.20.02.528000', '2019-09-06-10.20.02.528000'),
(7, 2, 'その他画像撮影', '[\"作業時に支障が出そうな箇所を任意で撮影\"]', 0, '2019-09-06-10.20.02.528000', '2019-09-06-10.20.02.528000'),
(8, 3, 'その他画像撮影', '[\"事務所と相談するための画像を撮影してください\"]', 0, '2019-09-06-10.20.02.528000', '2019-09-06-10.20.02.528000'),
(9, 4, '転落防止器具の取付状況', '[\"身体を支持する準備がわかる写真\"]', 0, '2019-09-06-10.20.02.528000', '2019-09-06-10.20.02.528000'),
(10, 4, 'サンノテの場合は設置状況', '[\"アウトリガー張り出し、上部突出し\",\" 角度75度、ぐらつきがない\"]', 0, '2019-09-06-10.20.02.528000', '2019-09-06-10.20.02.528000'),
(11, 4, 'その他画像撮影', '[\"屋根上作業の準備状況を撮影してください\"]', 0, '2019-09-06-10.20.02.528000', '2019-09-06-10.20.02.528000'),
(12, 5, '天井裏への登り口', '[\"天井までの高さがわかるように撮影してください\"]', 0, '2019-09-06-10.20.02.528000', '2019-09-06-10.20.02.528000'),
(13, 5, 'その他画像撮影', '[\"作業時に支障が出そうな箇所を任意で撮影\"]', 0, '2019-09-06-10.20.02.528000', '2019-09-06-10.20.02.528000'),
(14, 6, 'その他画像撮影', '[\"事務所と確認するための画像を撮影してください\"]', 0, '2019-09-06-10.20.02.528000', '2019-09-06-10.20.02.528000'),
(15, 7, '装着状況（作業責任者前面）', '[\"装着・点検方法は作業安全マニュアル1-4-10を確認する\"]', 0, '2019-09-06-10.20.02.528000', '2019-09-06-10.20.02.528000'),
(16, 7, '装着状況（作業責任者背面）', '[\"ランヤードが正しく装着されているか確認する\"]', 0, '2019-09-06-10.20.02.528000', '2019-09-06-10.20.02.528000'),
(17, 7, '装着状況（作業者前面）', '[\"装着・点検方法は作業安全マニュアル1-4-10を確認する\"]', 0, '2019-09-06-10.20.02.528000', '2019-09-06-10.20.02.528000'),
(18, 7, '装着状況（作業責背面）', '[\"ランヤードが正しく装着されているか確認する\"]', 0, '2019-09-06-10.20.02.528000', '2019-09-06-10.20.02.528000'),
(19, 7, '鉄塔昇降場所', '[\"作業者が昇降手順、鉄塔上での作業手順を把握しているか確認する\"]', 0, '2019-09-06-10.20.02.528000', '2019-09-06-10.20.02.528000'),
(20, 7, 'その他画像撮影', '[\"その他事務所と確認するための画像を撮影してください\"]', 0, '2019-09-06-10.20.02.528000', '2019-09-06-10.20.02.528000'),
(21, 8, '酸欠測定器の設置', '[\"ガス濃度の測定値については、作業安全マニュアル2-3-4を確認する\"]', 0, '2019-09-06-10.20.02.528000', '2019-09-06-10.20.02.528000'),
(22, 8, '換気対策の実施', '[\"発電機の風下に送風機が設置されていないか\",\"設置されている場合は、風上に移動\"]', 0, '2019-09-06-10.20.02.528000', '2019-09-06-10.20.02.528000'),
(23, 8, '避難用具の設置', '[\"緊急時、すぐに救助できる準備はできているか\"]', 0, '2019-09-06-10.20.02.528000', '2019-09-06-10.20.02.528000'),
(24, 8, '飛び込まれ対策', '[\"道路使用許可に則った設置ができているか\"]', 0, '2019-09-06-10.20.02.528000', '2019-09-06-10.20.02.528000'),
(25, 8, 'その他画像撮影', '[\"その他事務所と確認するための画像を撮影してください\"]', 0, '2019-09-06-10.20.02.528000', '2019-09-06-10.20.02.528000');

-- --------------------------------------------------------

--
-- Table structure for table `office_check_task`
--

CREATE TABLE `office_check_task` (
  `id` int(11) NOT NULL,
  `userCode` varchar(45) NOT NULL,
  `workId` bigint(20) NOT NULL,
  `confirmTypeId` int(11) NOT NULL,
  `comment` varchar(300) DEFAULT NULL,
  `state` smallint(6) NOT NULL DEFAULT '0',
  `createdAt` timestamp NOT NULL DEFAULT CURRENT_TIMESTAMP ON UPDATE CURRENT_TIMESTAMP,
  `updatedAt` timestamp NOT NULL DEFAULT '0000-00-00 00:00:00'
) ENGINE=InnoDB DEFAULT CHARSET=utf8;

--
-- Dumping data for table `office_check_task`
--

INSERT INTO `office_check_task` (`id`, `userCode`, `workId`, `confirmTypeId`, `comment`, `state`, `createdAt`, `updatedAt`) VALUES
(1, 'FT1000015', 108, 1, 'conment', 1, '2020-02-12 17:00:00', '2020-02-13 17:00:00');

-- --------------------------------------------------------

--
-- Table structure for table `organization`
--

CREATE TABLE `organization` (
  `id` int(3) NOT NULL,
  `organizationLevelId` int(1) DEFAULT NULL,
  `parentId` varchar(2) DEFAULT NULL,
  `organizationCode` varchar(6) DEFAULT NULL,
  `organizationName` varchar(16) DEFAULT NULL,
  `isDeleted` int(1) DEFAULT NULL,
  `createdAt` varchar(26) DEFAULT NULL,
  `updatedAt` varchar(26) DEFAULT NULL,
  `numberOfUsers` int(2) DEFAULT NULL,
  `displayOrder` int(2) DEFAULT NULL
) ENGINE=InnoDB DEFAULT CHARSET=utf8;

--
-- Dumping data for table `organization`
--

INSERT INTO `organization` (`id`, `organizationLevelId`, `parentId`, `organizationCode`, `organizationName`, `isDeleted`, `createdAt`, `updatedAt`, `numberOfUsers`, `displayOrder`) VALUES
(1, 1, '', 'level1', 'FT本社', 0, '2019-06-03-16.37.22.356000', '2019-06-03-16.37.22.356000', 32, 0),
(2, 2, '1', '1140', 'level 2 1', 0, '2019-06-03-16.37.22.356000', '2019-06-03-16.37.22.356000', 15, 5),
(3, 2, '1', '1111', 'level 2 2', 1, '2019-06-04-14.09.36.488000', '2019-06-04-14.09.36.488000', 0, 2),
(4, 3, '2', '1112', 'level 3 1.1c', 0, '2019-06-03-16.37.22.356000', '2019-06-03-16.37.22.356000', 13, 0),
(5, 3, '2', '1113', 'level 3 1.2', 0, '2019-06-03-16.37.22.356000', '2019-06-03-16.37.22.356000', 2, 0),
(6, 3, '3', '1114', 'level 3 2.1', 1, '2019-06-04-14.09.36.488000', '2019-06-04-14.09.36.488000', 0, 0),
(7, 3, '3', '1115', 'level 3 2.2', 1, '2019-06-03-16.37.22.356000', '2019-06-03-16.37.22.356000', 0, 0),
(8, 4, '4', '1116', 'level 4 1.1.1', 0, '2019-06-03-16.37.22.356000', '2019-06-03-16.37.22.356000', 7, 0),
(9, 4, '4', '1117', 'level 4 1.1.2', 0, '2019-06-04-14.09.36.488000', '2019-06-04-14.09.36.488000', 6, 0),
(10, 4, '5', '1118', 'level 4 1.2.1', 0, '2019-06-03-16.37.22.356000', '2019-06-03-16.37.22.356000', 2, 0),
(11, 4, '5', '1119', 'level 4 1.2.2', 0, '2019-06-03-16.37.22.356000', '2019-06-03-16.37.22.356000', 0, 0),
(12, 4, '6', '1120', 'level 4 2.1.1', 1, '2019-06-04-14.09.36.488000', '2019-06-04-14.09.36.488000', 0, 0),
(13, 4, '6', '1121', 'level 4 2.1.2', 1, '2019-06-03-16.37.22.356000', '2019-06-03-16.37.22.356000', 0, 0),
(14, 4, '7', '1122', 'level 4 2.2.1', 1, '2019-06-03-16.37.22.356000', '2019-06-03-16.37.22.356000', 0, 0),
(15, 4, '7', '1123', 'level 4 2.2.2', 1, '2019-06-04-14.09.36.488000', '2019-06-04-14.09.36.488000', 0, 0),
(16, 5, '8', '1124', 'level 5 1.1.1.1', 0, '2019-06-03-16.37.22.356000', '2019-06-03-16.37.22.356000', 5, 0),
(17, 5, '8', '1125', 'level 5 1.1.1.2', 0, '2019-06-03-16.37.22.356000', '2019-06-03-16.37.22.356000', 2, 0),
(18, 5, '9', '1126', 'level 5 1.1.2.1', 0, '2019-06-04-14.09.36.488000', '2019-06-04-14.09.36.488000', 3, 0),
(19, 5, '9', '1127', 'level 5 1.1.2.2', 0, '2019-06-03-16.37.22.356000', '2019-06-03-16.37.22.356000', 3, 0),
(20, 5, '10', '1128', 'level 5 1.2.1.1', 0, '2019-06-03-16.37.22.356000', '2019-06-03-16.37.22.356000', 2, 0),
(21, 5, '10', '1129', 'level 5 1.2.1.2', 0, '2019-06-03-16.37.22.356000', '2019-06-03-16.37.22.356000', 0, 0),
(22, 5, '11', '1130', 'level 5 1.2.2.1', 0, '2019-06-04-14.09.36.488000', '2019-06-04-14.09.36.488000', 0, 0),
(23, 5, '11', '1131', 'level 5 1.2.2.2', 0, '2019-06-03-16.37.22.356000', '2019-06-03-16.37.22.356000', 0, 0),
(24, 5, '12', '1132', 'level 5 2.1.1.1', 1, '2019-06-03-16.37.22.356000', '2019-06-03-16.37.22.356000', 0, 0),
(25, 5, '12', '1133', 'level 5 2.1.1.2', 1, '2019-06-04-14.09.36.488000', '2019-06-04-14.09.36.488000', 0, 0),
(26, 5, '13', '1134', 'level 5 2.1.2.1', 1, '2019-06-03-16.37.22.356000', '2019-06-03-16.37.22.356000', 0, 0),
(27, 5, '13', '1135', 'level 5 2.1.2.2', 1, '2019-06-03-16.37.22.356000', '2019-06-03-16.37.22.356000', 0, 0),
(28, 5, '14', '1136', 'level 5 2.2.1.1', 1, '2019-06-04-14.09.36.488000', '2019-06-04-14.09.36.488000', 0, 0),
(29, 5, '14', '1137', 'level 5 2.2.1.2', 1, '2019-06-03-16.37.22.356000', '2019-06-03-16.37.22.356000', 0, 0),
(30, 5, '15', '1138', 'level 5 2.2.2.1', 1, '2019-06-03-16.37.22.356000', '2019-06-03-16.37.22.356000', 0, 0),
(31, 5, '15', '1139', 'level 5 2.2.2.2', 1, '2019-06-04-14.09.36.488000', '2019-06-04-14.09.36.488000', 0, 0),
(32, 2, '1', 'C01', '関西支店', 0, '2019-08-15-10.55.54.442000', '2019-08-15-10.55.54.436000', 6, 3),
(33, 2, '1', 'C02', '東海支店', 0, '2019-08-15-10.55.54.458000', '2019-08-15-10.55.54.453000', 11, 4),
(34, 3, '33', 'C03', '大阪営業所', 0, '2019-08-15-10.55.54.469000', '2019-08-15-10.55.54.465000', 0, 4),
(35, 3, '32', 'C04', '兵庫営業所A', 0, '2019-08-15-10.55.54.481000', '2019-08-15-10.55.54.476000', 6, 5),
(36, 3, '33', 'C05', '兵庫営業所B', 0, '2019-08-15-10.55.54.492000', '2019-08-15-10.55.54.488000', 0, 6),
(37, 3, '33', 'C06', '兵庫営業所C', 0, '2019-08-15-10.55.54.505000', '2019-08-15-10.55.54.499000', 11, 7),
(38, 4, '35', 'C07', '大阪FSC', 0, '2019-08-15-10.55.54.516000', '2019-08-15-10.55.54.511000', 0, 8),
(39, 4, '35', 'C08', '大阪ICT', 0, '2019-08-15-10.55.54.527000', '2019-08-15-10.55.54.523000', 6, 15),
(40, 4, '36', 'C09', '大阪ICF', 0, '2019-08-15-10.55.54.539000', '2019-08-15-10.55.54.534000', 0, 10),
(41, 4, '36', 'C10', '大阪ICF', 0, '2019-08-15-10.55.54.552000', '2019-08-15-10.55.54.547000', 0, 11),
(42, 4, '37', 'C11', 'update11', 0, '2019-08-15-10.55.54.564000', '2019-09-26-09.09.32.045000', 0, 24),
(43, 4, '37', 'C12', '大阪FSM', 0, '2019-08-15-10.55.54.575000', '2019-08-15-10.55.54.571000', 3, 13),
(44, 4, '37', 'C13', '大阪FSK', 0, '2019-08-15-10.55.54.587000', '2019-08-15-10.55.54.582000', 2, 14),
(45, 4, '37', 'C14', '大阪FSL', 0, '2019-08-15-10.55.54.599000', '2019-08-15-10.55.54.594000', 6, 15),
(46, 5, '39', 'C15', '宅内担当', 0, '2019-08-15-10.55.54.611000', '2019-08-15-10.55.54.606000', 1, 0),
(47, 5, '39', 'C16', 'AC担当', 0, '2019-08-15-10.55.54.623000', '2019-08-15-10.55.54.618000', 2, 0),
(48, 5, '39', 'C17', 'AK担当', 0, '2019-08-15-10.55.54.637000', '2019-08-15-10.55.54.632000', 1, 18),
(49, 5, '39', 'C18', 'AO担当', 0, '2019-08-15-10.55.54.649000', '2019-08-15-10.55.54.644000', 1, 19),
(50, 5, '39', 'C19', 'test', 1, '2019-08-15-10.55.54.661000', '2019-09-26-08.49.42.609000', 0, 24),
(51, 5, '39', 'C20', 'test', 0, '2019-08-15-10.55.54.673000', '2019-09-26-08.52.24.403000', 1, 24),
(52, 5, '42', 'C21', 'AM担当', 1, '2019-08-15-10.55.54.686000', '2019-08-15-10.55.54.682000', 0, 22),
(53, 5, '42', 'C22', 'AD担当', 1, '2019-08-15-10.55.54.701000', '2019-08-15-10.55.54.696000', 0, 23),
(54, 5, '43', 'C23', 'AS担当', 1, '2019-08-15-10.55.54.714000', '2019-08-15-10.55.54.709000', 0, 24),
(55, 5, '43', 'C24', 'AE担当', 0, '2019-08-15-10.55.54.726000', '2019-08-15-10.55.54.721000', 1, 25),
(56, 5, '44', 'C25', 'AW担当', 0, '2019-08-15-10.55.54.740000', '2019-08-15-10.55.54.735000', 1, 26),
(57, 5, '44', 'C26', 'AQ担当', 0, '2019-08-15-10.55.54.753000', '2019-08-15-10.55.54.747000', 1, 27),
(58, 5, '45', 'C27', 'AP担当', 0, '2019-08-15-10.55.54.766000', '2019-08-15-10.55.54.762000', 1, 28),
(59, 5, '45', 'C28', 'AY担当', 0, '2019-08-15-10.55.54.778000', '2019-08-15-10.55.54.773000', 2, 29),
(60, 5, '45', 'C29', 'AT担当', 0, '2019-08-15-10.55.54.791000', '2019-08-15-10.55.54.786000', 3, 30),
(61, 5, '45', 'C30', 'AJ担当', 0, '2019-08-15-10.55.54.802000', '2019-08-15-10.55.54.797000', 0, 31),
(72, 5, '43', 'C99', 'test 99', 0, '2019-08-21-13.11.23.372000', '2019-08-22-17.29.23.889000', 1, 0),
(73, 5, '43', 'C991', 'test2', 1, '2019-08-21-13.24.17.694000', '2019-08-21-13.24.17.690000', 0, 0),
(74, 5, '43', 'C911', 'test3', 0, '2019-08-21-13.26.00.955000', '2019-08-21-13.26.00.952000', 1, 0),
(75, 1, '', 'C92', '関西支店', 0, '2019-08-21-13.36.30.710000', '2019-08-21-13.36.30.708000', 0, 15),
(92, 1, '', 'C93', 'test level 1', 1, '2019-08-22-08.28.33.280000', '2019-08-22-08.28.33.277000', 0, 0),
(93, 1, '', 'C94', 'test level 1', 0, '2019-08-22-08.45.48.711000', '2019-08-22-08.45.48.708000', 0, 0),
(94, 1, '', 'C95', '関西支店', 0, '2019-08-22-08.48.48.297000', '2019-08-22-08.48.48.294000', 0, 0),
(95, 2, '94', 'C96', 'level 2w', 1, '2019-08-22-09.09.08.549000', '2019-08-22-09.09.08.545000', 0, 15),
(96, 3, '95', 'C97', 'test 99', 0, '2019-08-22-09.30.06.059000', '2019-08-30-15.28.49.722000', 0, 11),
(97, 5, '39', 'C98', 'level 5 test', 1, '2019-08-22-11.06.54.598000', '2019-08-22-11.06.54.595000', 0, 15),
(118, 2, '1', 'C0121', 'update-level 2 1', 0, '2019-08-28-17.08.37.820000', '2019-08-28-17.08.37.810000', 0, 2),
(119, 2, '1', 'C0122', 'update-level 2 2', 0, '2019-08-28-17.08.37.861000', '2019-08-28-17.08.37.854000', 0, 3),
(138, 3, '95', 'C111', 'test 99', 0, '2019-08-30-15.30.29.101000', '2019-08-30-16.13.36.119000', 0, 99),
(158, 5, '39', 'C1111', 'test', 0, '2019-09-24-10.57.32.072000', '2019-09-24-10.58.52.415000', 0, 24);

-- --------------------------------------------------------

--
-- Table structure for table `organization_level`
--

CREATE TABLE `organization_level` (
  `id` int(1) DEFAULT NULL,
  `organizationLevel` varchar(11) DEFAULT NULL
) ENGINE=InnoDB DEFAULT CHARSET=utf8;

--
-- Dumping data for table `organization_level`
--

INSERT INTO `organization_level` (`id`, `organizationLevel`) VALUES
(1, '本社'),
(2, '支店'),
(3, '営業所'),
(4, 'FSC'),
(5, '業務グループ（拠点？）');

-- --------------------------------------------------------

--
-- Stand-in structure for view `organization_parent`
-- (See below for the actual view)
--
CREATE TABLE `organization_parent` (
`userCode` varchar(9)
,`userName` varchar(15)
,`level_id 5` int(3)
,`level_name 5` varchar(16)
,`level_id 4` int(3)
,`level_name 4` varchar(16)
,`level_id 3` int(3)
,`level_name 3` varchar(16)
,`level_id 2` int(3)
,`level_name 2` varchar(16)
,`level_id 1` int(3)
,`level_name 1` varchar(16)
);

-- --------------------------------------------------------

--
-- Table structure for table `role`
--

CREATE TABLE `role` (
  `id` int(1) DEFAULT NULL,
  `roleName` varchar(8) DEFAULT NULL
) ENGINE=InnoDB DEFAULT CHARSET=utf8;

--
-- Dumping data for table `role`
--

INSERT INTO `role` (`id`, `roleName`) VALUES
(0, 'オンサイト技術者'),
(2, '安全確認者'),
(4, '安全推進者');

-- --------------------------------------------------------

--
-- Table structure for table `self_check_item`
--

CREATE TABLE `self_check_item` (
  `id` int(2) DEFAULT NULL,
  `workTypeId` int(2) DEFAULT NULL,
  `name` varchar(11) DEFAULT NULL,
  `message` varchar(38) DEFAULT NULL,
  `isObjectRecognition` int(1) DEFAULT NULL,
  `createdAt` varchar(26) DEFAULT NULL,
  `updatedAt` varchar(26) DEFAULT NULL
) ENGINE=InnoDB DEFAULT CHARSET=utf8;

--
-- Dumping data for table `self_check_item`
--

INSERT INTO `self_check_item` (`id`, `workTypeId`, `name`, `message`, `isObjectRecognition`, `createdAt`, `updatedAt`) VALUES
(1, 1, 'ベルブロックの取付状況', '[\"ベルブロックが掛かっている\",\"フックが閉まっていること\"]', 1, '2019-09-06-10.20.02.528000', '2019-09-06-10.20.02.528000'),
(2, 1, '補助梯子の固定', '[\"ほう縛固定\",\"地際から無理せず届く高さ\"]', 0, '2019-09-06-10.20.02.528000', '2019-09-06-10.20.02.528000'),
(3, 2, 'ベルブロックの取付状況', '[\"ベルブロックが掛かっている\",\"フックが閉まっていること\"]', 1, '2019-09-06-10.20.02.528000', '2019-09-06-10.20.02.528000'),
(4, 2, '脚立の設置状況', '[\"アウトリガー張出、ほう縛固定、\",\"角度75度、開き止めロック\"]', 0, '2019-09-06-10.20.02.528000', '2019-09-06-10.20.02.528000'),
(5, 3, '梯子の下部固定', '[\"アウトリガー張出、ほう縛固定、\",\"角度75度\"]', 0, '2019-09-06-10.20.02.528000', '2019-09-06-10.20.02.528000'),
(6, 3, '梯子の上部固定', '[\"電柱受けと電柱が密着しぐらつかない\",\"フックで電柱を挟み込む\"]', 0, '2019-09-06-10.20.02.528000', '2019-09-06-10.20.02.528000'),
(7, 3, '転落防止器具の取付状況', '[\"ＫＳ ベルブロックの設置\",\"（軽太の場合は安全器）\"]', 0, '2019-09-06-10.20.02.528000', '2019-09-06-10.20.02.528000'),
(8, 4, '梯子の下部固定', '[\"アウトリガー張出、角度75度\",\"ぐらつかないよう設置されている\"]', 0, '2019-09-06-10.20.02.528000', '2019-09-06-10.20.02.528000'),
(9, 4, '梯子の上部立て掛け', '[\"張力の外側から立て掛け\",\"フックの目視・ゆらし確認\"]', 0, '2019-09-06-10.20.02.528000', '2019-09-06-10.20.02.528000'),
(10, 4, '転落防止器具の取付状況', '[\"ＫＳ ベルブロックの設置\",\"（軽太の場合は安全器）\"]', 0, '2019-09-06-10.20.02.528000', '2019-09-06-10.20.02.528000'),
(11, 5, '梯子の下部固定', '[\"アウトリガー張出、角度75度\",\"ぐらつかないよう設置されている\"]', 0, '2019-09-06-10.20.02.528000', '2019-09-06-10.20.02.528000'),
(12, 5, '梯子の上部立て掛け', '[\"身を乗り出さず作業できる位置\",\"フックは外向きで壁面に密着\"]', 0, '2019-09-06-10.20.02.528000', '2019-09-06-10.20.02.528000'),
(13, 5, '転落防止器具の取付状況', '[\"ＫＳ ベルブロックの設置\",\"（軽太の場合は安全器）\"]', 0, '2019-09-06-10.20.02.528000', '2019-09-06-10.20.02.528000'),
(14, 6, '脚立の設置面', '[\"アウトリガー張り出し\",\"足が浮いていない、安定した設置面\"]', 0, '2019-09-06-10.20.02.528000', '2019-09-06-10.20.02.528000'),
(15, 7, 'バランスの確認', '[\"身を乗り出さない位置、角度７５度\",\"アウトリガー張出、ぐらつかない\"]', 0, '2019-09-06-10.20.02.528000', '2019-09-06-10.20.02.528000'),
(16, 8, '輪留め・敷板・地切り', '[\"輪留め密着設置、四輪確実に地切り\",\"側溝の上に張り出していない\"]', 1, '2019-09-06-10.20.02.528000', '2019-09-06-10.20.02.528000'),
(17, 8, '水平確認', '[\"水平であること\"]', 0, '2019-09-06-10.20.02.528000', '2019-09-06-10.20.02.528000'),
(18, 10, '確認①', '[]', 0, '2019-09-06-10.20.02.528000', '2019-09-06-10.20.02.528000'),
(19, 11, '確認①', '[]', 0, '2019-09-06-10.20.02.528000', '2019-09-06-10.20.02.528000'),
(20, 11, '確認②', '[]', 0, '2019-09-06-10.20.02.528000', '2019-09-06-10.20.02.528000'),
(21, 12, '輪止めの設置状況', '[]', 0, '2019-09-06-10.20.02.528000', '2019-09-06-10.20.02.528000');

-- --------------------------------------------------------

--
-- Table structure for table `self_check_task`
--

CREATE TABLE `self_check_task` (
  `id` int(11) NOT NULL,
  `userCode` varchar(45) NOT NULL,
  `workId` bigint(20) NOT NULL,
  `workTypeId` int(11) NOT NULL,
  `state` smallint(6) NOT NULL DEFAULT '0',
  `createdAt` timestamp NOT NULL DEFAULT CURRENT_TIMESTAMP ON UPDATE CURRENT_TIMESTAMP,
  `updatedAt` timestamp NOT NULL DEFAULT '0000-00-00 00:00:00',
  `isAutomatic` smallint(6) DEFAULT NULL
) ENGINE=InnoDB DEFAULT CHARSET=utf8;

--
-- Dumping data for table `self_check_task`
--

INSERT INTO `self_check_task` (`id`, `userCode`, `workId`, `workTypeId`, `state`, `createdAt`, `updatedAt`, `isAutomatic`) VALUES
(1, 'FT1000015', 108, 6, 1, '2020-02-03 04:44:36', '2020-01-07 10:00:57', 0),
(4, 'FT1000019', 107, 10, 1, '2020-02-03 04:44:50', '2020-01-08 02:50:34', 0),
(5, 'AC1000016', 105, 1, 1, '2020-02-03 04:45:06', '2020-01-08 02:52:58', 0),
(6, 'FT1000021', 104, 2, 1, '2020-02-03 04:45:41', '2020-01-08 02:55:11', 0),
(7, 'FT1000020', 103, 3, 1, '2020-02-03 04:45:44', '2020-01-15 06:25:05', 1);

-- --------------------------------------------------------

--
-- Table structure for table `users`
--

CREATE TABLE `users` (
  `id` int(3) NOT NULL,
  `organizationId` int(2) DEFAULT NULL,
  `workChargeId` varchar(2) DEFAULT NULL,
  `roleId` int(1) DEFAULT NULL,
  `userCode` varchar(9) CHARACTER SET utf8 COLLATE utf8_unicode_ci DEFAULT NULL,
  `email` varchar(21) DEFAULT NULL,
  `password` varchar(60) DEFAULT NULL,
  `phone` varchar(11) DEFAULT NULL,
  `status` varchar(10) DEFAULT NULL,
  `attemptCount` int(1) DEFAULT NULL,
  `isLocked` varchar(10) DEFAULT NULL,
  `token` varchar(43) DEFAULT NULL,
  `tokenCreateAt` timestamp NULL DEFAULT NULL,
  `isDeleted` int(1) DEFAULT NULL,
  `createdAt` varchar(26) DEFAULT NULL,
  `updatedAt` varchar(26) DEFAULT NULL,
  `userName` varchar(15) DEFAULT NULL,
  `kyotenType` int(1) DEFAULT NULL,
  `companyCode` varchar(7) DEFAULT NULL,
  `imei` varchar(15) DEFAULT NULL,
  `supportStartAt` varchar(10) DEFAULT NULL,
  `supportEndAt` varchar(10) DEFAULT NULL
) ENGINE=InnoDB DEFAULT CHARSET=utf8;

--
-- Dumping data for table `users`
--

INSERT INTO `users` (`id`, `organizationId`, `workChargeId`, `roleId`, `userCode`, `email`, `password`, `phone`, `status`, `attemptCount`, `isLocked`, `token`, `tokenCreateAt`, `isDeleted`, `createdAt`, `updatedAt`, `userName`, `kyotenType`, `companyCode`, `imei`, `supportStartAt`, `supportEndAt`) VALUES
(1, 1, '', 4, 'AC1000001', 'dev01@dev.co-mit.com', '$2y$13$LOZFGrjazF7eOvHdIntmWOm3fJjUohyS2p5ROvVb9BI6nD4m5CuOO', '123', '', NULL, NULL, '', '0000-00-00 00:00:00', 0, '2019-06-04-14.09.36.539000', '2019-12-24 14:54:35', 'dev01', 0, 'C01', '', '', ''),
(2, 2, '', 4, 'AC1000002', 'dev02@dev.co-mit.com', '$2y$13$LOZFGrjazF7eOvHdIntmWOm3fJjUohyS2p5ROvVb9BI6nD4m5CuOO', '123', '', 3, '1', '', '0000-00-00 00:00:00', 0, '2019-06-04-14.09.36.539000', '2019-12-24 15:09:10', 'dev02', 0, '', '', '', ''),
(3, 3, '', 4, 'AC1000003', 'tien.phan90@gmail.com', '$2y$12$mGLrW4kOo1dsQoCovIa/TOoVrGy9f6QvUljnEVCqxxuFvnV83vnt2', '123', '', 2, '', 'WzxZVL5JbMhGlzYI1eDOHh74AQ3Scd8OhGsszIcpczY', '2019-07-04 03:01:54', 0, '2019-06-04-14.09.36.539000', '2019-12-24 15:14:00', 'dev03', 0, '', '', '', ''),
(4, 4, '', 4, 'AC1000004', 'dev04@dev.co-mit.com', '$2b$10$O/X4h65xIMGlmP1qN.PfBe6Qg1c99NeYhVFolRGD8SdnA84yMKvsy', '123', '', 0, '', '', '0000-00-00 00:00:00', 0, '2019-06-04-14.09.36.539000', '2019-06-04-14.09.36.539000', 'dev04', 0, '', '', '', ''),
(5, 5, '', 4, 'AC1000005', 'dev05@dev.co-mit.com', '$2y$12$QI4g.wwN5yiEZksNBuQlcOailoJ8Tnrhi9zCAZeSgGjmhajRWedCu', '123', '', 3, '1', '2yhaQx1z1AuK_rGLcBDo4gg3VmNi2NPPC1n-tdNXdn4', '2019-07-03 02:53:11', 0, '2019-06-04-14.09.36.539000', '2019-12-27 13:39:25', 'dev05', 0, '', '', '', ''),
(6, 6, '', 4, 'AC1000006', 'dev06@dev.co-mit.com', '$2y$12$fTp2v10JWT2jl4UYtWs.GuDpCjl8GhARj18tIGuSP9ICu9YpU6F8q', '123', '', 3, '1', 'QimyRp5yfTSXpDGQcwd684yno15CPqsLkG1Shlt9zjw', '2019-07-03 06:17:07', 0, '2019-06-04-14.09.36.539000', '2019-12-27 13:40:44', 'dev06', 0, '', '', '', ''),
(7, 7, '', 4, 'AC1000007', 'dev07@dev.co-mit.com', '$2b$10$O/X4h65xIMGlmP1qN.PfBe6Qg1c99NeYhVFolRGD8SdnA84yMKvsy', '123', '', 1, '', '-dVFmJP-IjjjwwvkKjJO2sOnMdBHftwpwG6FQgvGWF0', '2019-07-04 03:02:45', 0, '2019-06-04-14.09.36.539000', '2019-12-27 14:21:56', 'dev07', 0, '', '', '', ''),
(8, 8, '', 2, 'AC1000008', 'dev08@dev.co-mit.com', '$2b$10$O/X4h65xIMGlmP1qN.PfBe6Qg1c99NeYhVFolRGD8SdnA84yMKvsy', '123', '', 0, '', '', '0000-00-00 00:00:00', 0, '2019-06-04-14.09.36.539000', '2019-06-04-14.09.36.539000', 'dev08', 0, '', '', '', ''),
(9, 9, '', 2, 'AC1000009', 'dev07@dev.co-mit.com', '$2b$10$O/X4h65xIMGlmP1qN.PfBe6Qg1c99NeYhVFolRGD8SdnA84yMKvsy', '123', '', 0, '', 'Gaq6Q6ROEPkf-wr_TuA3-MqW1fchWBkT-jK_56dxebs', '2019-08-16 08:53:18', 0, '2019-06-04-14.09.36.539000', '2019-06-04-14.09.36.539000', 'dev09', 0, '', '', '', ''),
(10, 10, '', 2, 'AC1000010', 'dev10@dev.co-mit.com', '$2y$12$XhQOLKjE/cvsNAmrVi57WOAbqwbaAiaMrisSa1jg5eBjO5jxne7GW', '123', '', 6, '', '', '0000-00-00 00:00:00', 0, '2019-06-04-14.09.36.539000', '2019-12-24 15:20:46', 'dev10', 0, '', '', '', ''),
(11, 11, '', 2, 'AC1000011', 'dev11@dev.co-mit.com', '$2y$12$XhQOLKjE/cvsNAmrVi57WOAbqwbaAiaMrisSa1jg5eBjO5jxne7GW', '123', '', 2, '', '', '0000-00-00 00:00:00', 0, '2019-06-04-14.09.36.539000', '2019-12-24 15:22:14', 'dev11', 0, '', '', '', ''),
(12, 12, '', 2, 'AC1000012', 'dev12@dev.co-mit.com', '$2b$10$O/X4h65xIMGlmP1qN.PfBe6Qg1c99NeYhVFolRGD8SdnA84yMKvsy', '123', '', 0, '', '', '0000-00-00 00:00:00', 0, '2019-06-04-14.09.36.539000', '2019-06-04-14.09.36.539000', 'dev12', 0, '', '', '', ''),
(13, 13, '', 2, 'AC1000013', 'dev13@dev.co-mit.com', '$2b$10$O/X4h65xIMGlmP1qN.PfBe6Qg1c99NeYhVFolRGD8SdnA84yMKvsy', '123', '', 0, '', '', '0000-00-00 00:00:00', 0, '2019-06-04-14.09.36.539000', '2019-06-04-14.09.36.539000', 'dev13', 0, '', '', '', ''),
(14, 14, '', 2, 'AC1000014', 'dev14@dev.co-mit.com', '$2b$10$O/X4h65xIMGlmP1qN.PfBe6Qg1c99NeYhVFolRGD8SdnA84yMKvsy', '123', '', 0, '', '', '0000-00-00 00:00:00', 0, '2019-06-04-14.09.36.539000', '2019-06-04-14.09.36.539000', 'dev14', 0, '', '', '', ''),
(15, 15, '', 2, 'AC1000015', 'dev15@dev.co-mit.com', '$2b$10$O/X4h65xIMGlmP1qN.PfBe6Qg1c99NeYhVFolRGD8SdnA84yMKvsy', '123', '', 0, '', '', '0000-00-00 00:00:00', 0, '2019-06-04-14.09.36.539000', '2019-06-04-14.09.36.539000', 'dev15', 0, '', '', '', ''),
(16, 16, '', 0, 'AC1000016', 'dev16@dev.co-mit.com', '$2b$10$O/X4h65xIMGlmP1qN.PfBe6Qg1c99NeYhVFolRGD8SdnA84yMKvsy', '123', '', 0, '', '', '0000-00-00 00:00:00', 0, '2019-06-04-14.09.36.539000', '2019-06-04-14.09.36.539000', 'dev16', 0, '', '', '', ''),
(17, 16, '', 0, 'AC1000017', 'dev17@dev.co-mit.com', '$2y$12$QI4g.wwN5yiEZksNBuQlcOailoJ8Tnrhi9zCAZeSgGjmhajRWedCu', '123', '', 0, '0', NULL, '0000-00-00 00:00:00', 0, '2019-06-04-14.09.36.539000', '2019-12-27 14:04:45', 'dev17', 0, '', '', '', ''),
(18, 16, '', 0, 'AC1000018', 'dev18@dev.co-mit.com', '$2b$10$O/X4h65xIMGlmP1qN.PfBe6Qg1c99NeYhVFolRGD8SdnA84yMKvsy', '123', '', 1, '', '', '0000-00-00 00:00:00', 0, '2019-06-04-14.09.36.539000', '2019-12-26 09:28:06', 'dev18', 0, '', '', '', ''),
(19, 17, '16', 0, 'AC1000019', 'dev19@dev.co-mit.com', '$2b$10$O/X4h65xIMGlmP1qN.PfBe6Qg1c99NeYhVFolRGD8SdnA84yMKvsy', '123', '', 0, '', '', '0000-00-00 00:00:00', 0, '2019-06-04-14.09.36.539000', '2019-06-04-14.09.36.539000', 'dev19', 5, '', '', '', ''),
(20, 17, '', 0, 'AC1000020', 'dev20@dev.co-mit.com', '$2b$10$O/X4h65xIMGlmP1qN.PfBe6Qg1c99NeYhVFolRGD8SdnA84yMKvsy', '123', '', 0, '', 'aob2I3C5icsMxQM_obxCHIHLPGILTIqV_1578368918', '2020-01-06 20:48:38', 0, '2019-06-04-14.09.36.539000', '2020-01-07 10:48:38', 'dev20', 0, '', '', '', ''),
(21, 17, '', 0, 'AC1000021', 'dev21@dev.co-mit.com', '$2b$10$O/X4h65xIMGlmP1qN.PfBe6Qg1c99NeYhVFolRGD8SdnA84yMKvsy', '123', '', 0, '', '', '0000-00-00 00:00:00', 0, '2019-06-04-14.09.36.539000', '2019-06-04-14.09.36.539000', 'dev21', 0, '', '', '', ''),
(22, 18, '', 0, 'AC1000022', 'dev22@dev.co-mit.com', '$2b$10$O/X4h65xIMGlmP1qN.PfBe6Qg1c99NeYhVFolRGD8SdnA84yMKvsy', '123', '', 0, '', '', '0000-00-00 00:00:00', 0, '2019-06-04-14.09.36.539000', '2019-06-04-14.09.36.539000', 'dev22', 0, '', '', '', ''),
(23, 18, '', 0, 'AC1000023', 'dev23@dev.co-mit.com', '$2b$10$O/X4h65xIMGlmP1qN.PfBe6Qg1c99NeYhVFolRGD8SdnA84yMKvsy', '123', '', 0, '', '', '0000-00-00 00:00:00', 0, '2019-06-04-14.09.36.539000', '2019-06-04-14.09.36.539000', 'dev23', 0, '', '', '', ''),
(24, 18, '', 0, 'AC1000024', 'dev24@dev.co-mit.com', '$2b$10$O/X4h65xIMGlmP1qN.PfBe6Qg1c99NeYhVFolRGD8SdnA84yMKvsy', '123', '', 0, '', '', '0000-00-00 00:00:00', 0, '2019-06-04-14.09.36.539000', '2019-06-04-14.09.36.539000', 'dev24', 0, '', '', '', ''),
(25, 19, '', 0, 'AC1000025', 'dev25@dev.co-mit.com', '$2b$10$O/X4h65xIMGlmP1qN.PfBe6Qg1c99NeYhVFolRGD8SdnA84yMKvsy', '123', '', 0, '', '', '0000-00-00 00:00:00', 0, '2019-06-04-14.09.36.539000', '2019-06-04-14.09.36.539000', 'dev25', 0, '', '', '', ''),
(26, 19, '', 0, 'AC1000026', 'dev26@dev.co-mit.com', '$2b$10$O/X4h65xIMGlmP1qN.PfBe6Qg1c99NeYhVFolRGD8SdnA84yMKvsy', '123', '', 0, '', '', '0000-00-00 00:00:00', 0, '2019-06-04-14.09.36.539000', '2019-06-04-14.09.36.539000', 'dev26', 0, '', '', '', ''),
(27, 19, '', 0, 'AC1000027', 'dev27@dev.co-mit.com', '$2b$10$O/X4h65xIMGlmP1qN.PfBe6Qg1c99NeYhVFolRGD8SdnA84yMKvsy', '123', '', 0, '', '', '0000-00-00 00:00:00', 0, '2019-06-04-14.09.36.539000', '2019-06-04-14.09.36.539000', 'dev27', 0, '', '', '', ''),
(28, 20, '', 0, 'AC1000028', 'dev28@dev.co-mit.com', '$2b$10$O/X4h65xIMGlmP1qN.PfBe6Qg1c99NeYhVFolRGD8SdnA84yMKvsy', '123', '', 0, '', '', '0000-00-00 00:00:00', 0, '2019-06-04-14.09.36.539000', '2019-06-04-14.09.36.539000', 'dev28', 0, '', '', '', ''),
(29, 20, '', 0, 'AC1000029', 'dev29@dev.co-mit.com', '$2b$10$sSLZgvC/3czB6DShpq/T0eeIZdJVtF6wnx3KrjhNkRpTD1vGXxcJ.', '123', '', 0, '', '', '2019-06-24 03:59:50', 0, '2019-06-04-14.09.36.539000', '2019-06-04-14.09.36.539000', 'dev29', 0, '', '', '', ''),
(30, 32, '', 0, 'AC1000032', 'dev32@dev.co-mit.com', '$2b$10$sSLZgvC/3czB6DShpq/T0eeIZdJVtF6wnx3KrjhNkRpTD1vGXxcJ.', '123', '', 0, '', '', '0000-00-00 00:00:00', 0, '2019-06-04-14.09.36.539000', '2019-06-04-14.09.36.539000', 'dev32', 0, '', '', '', ''),
(31, 30, '', 0, 'AC1000030', 'dev30@dev.co-mit.com', '$2b$10$sSLZgvC/3czB6DShpq/T0eeIZdJVtF6wnx3KrjhNkRpTD1vGXxcJ.', '123', '', 0, '', '', '0000-00-00 00:00:00', 0, '2019-06-04-14.09.36.539000', '2019-06-04-14.09.36.539000', 'dev30', 0, '', '', '', ''),
(32, 1, '', 4, 'FT1000001', 'dev01@dev.co-mit.com', '$2b$10$O/X4h65xIMGlmP1qN.PfBe6Qg1c99NeYhVFolRGD8SdnA84yMKvsy', '123', '', 0, '', 'fhVraBUae12Oa-22JIyiwFPgpljVmYuK-rgbIzVLb6w', '2019-08-23 07:32:52', 0, '2019-08-15-10.56.31.489000', '2019-08-15-10.56.31.489000', 'dev01FT', 0, 'C01', '', '', ''),
(33, 33, '', 4, 'FT1000002', 'dev02@dev.co-mit.com', '$2b$10$O/X4h65xIMGlmP1qN.PfBe6Qg1c99NeYhVFolRGD8SdnA84yMKvsy', '123', '', 0, '', '', '0000-00-00 00:00:00', 0, '2019-08-15-10.56.31.505000', '2019-08-15-10.56.31.505000', 'dev02', 0, 'C01', '', '', ''),
(34, 34, '', 4, 'FT1000003', 'dev03@dev.co-mit.com', '$2b$10$O/X4h65xIMGlmP1qN.PfBe6Qg1c99NeYhVFolRGD8SdnA84yMKvsy', '123', '', 0, '', '', '0000-00-00 00:00:00', 0, '2019-08-15-10.56.31.523000', '2019-08-15-10.56.31.523000', 'dev03', 0, 'C01', '', '', ''),
(35, 35, '', 4, 'FT1000004', 'dev04@dev.co-mit.com', '$2b$10$O/X4h65xIMGlmP1qN.PfBe6Qg1c99NeYhVFolRGD8SdnA84yMKvsy', '123', '', 0, '', '', '0000-00-00 00:00:00', 0, '2019-08-15-10.56.31.533000', '2019-08-15-10.56.31.533000', 'dev04', 0, 'C01', '', '', ''),
(36, 36, '37', 4, 'FT1000005', 'dev05@dev.co-mit.com', '$2b$10$O/X4h65xIMGlmP1qN.PfBe6Qg1c99NeYhVFolRGD8SdnA84yMKvsy', '', '', 0, '', 'Dd4VUMKu5YUcRfKcUXWoDJW_D8-NiGRXujCIe-8nnkU', '2019-08-26 07:55:29', 0, '2019-08-15-10.56.31.545000', '2019-08-15-10.56.31.545000', 'dev05FT', 0, 'C01', '', '', ''),
(37, 37, '', 4, 'FT1000006', 'dev06@dev.co-mit.com', '$2b$10$O/X4h65xIMGlmP1qN.PfBe6Qg1c99NeYhVFolRGD8SdnA84yMKvsy', '123', '', 0, '', '', '0000-00-00 00:00:00', 0, '2019-08-15-10.56.31.556000', '2019-08-15-10.56.31.556000', 'dev06FT', 0, 'C01', '', '', ''),
(38, 38, '', 2, 'FT1000007', 'dev07@dev.co-mit.com', '$2b$10$O/X4h65xIMGlmP1qN.PfBe6Qg1c99NeYhVFolRGD8SdnA84yMKvsy', '123', '', 0, '', '', '0000-00-00 00:00:00', 0, '2019-08-15-10.56.31.565000', '2019-08-15-10.56.31.565000', 'dev07', 0, 'C01', '', '', ''),
(39, 39, '', 2, 'FT1000008', 'dev08@dev.co-mit.com', '$2b$10$O/X4h65xIMGlmP1qN.PfBe6Qg1c99NeYhVFolRGD8SdnA84yMKvsy', '123', '', 0, '', '', '0000-00-00 00:00:00', 0, '2019-08-15-10.56.31.575000', '2019-08-15-10.56.31.575000', 'dev08', 0, 'C01', '', '', ''),
(40, 40, '', 2, 'FT1000009', 'dev09@dev.co-mit.com', '$2b$10$O/X4h65xIMGlmP1qN.PfBe6Qg1c99NeYhVFolRGD8SdnA84yMKvsy', '123', '', 0, '', '', '0000-00-00 00:00:00', 0, '2019-08-15-10.56.31.586000', '2019-08-15-10.56.31.586000', 'dev09', 0, 'C01', '', '', ''),
(41, 41, '', 2, 'FT1000010', 'dev10@dev.co-mit.com', '$2b$10$O/X4h65xIMGlmP1qN.PfBe6Qg1c99NeYhVFolRGD8SdnA84yMKvsy', '', '', 0, '', '', '0000-00-00 00:00:00', 0, '2019-08-15-10.56.31.596000', '2019-08-15-10.56.31.596000', 'dev10FT', 0, 'C01', '', '', ''),
(42, 42, '39', 2, 'FT1000011', 'dev10@dev.co-mit.com', '$2b$10$O/X4h65xIMGlmP1qN.PfBe6Qg1c99NeYhVFolRGD8SdnA84yMKvsy', '', '', 2, '', '', '0000-00-00 00:00:00', 0, '2019-08-15-10.56.31.606000', '2019-08-15-10.56.31.606000', 'dev10FT', 0, 'C01', '', '', ''),
(43, 43, '', 2, 'FT1000012', 'dev12@dev.co-mit.com', '$2b$10$O/X4h65xIMGlmP1qN.PfBe6Qg1c99NeYhVFolRGD8SdnA84yMKvsy', '123', '', 0, '', '', '0000-00-00 00:00:00', 0, '2019-08-15-10.56.31.615000', '2019-08-15-10.56.31.615000', 'dev12', 0, 'C01', '', '', ''),
(44, 44, '', 2, 'FT1000013', 'dev13@dev.co-mit.com', '$2b$10$O/X4h65xIMGlmP1qN.PfBe6Qg1c99NeYhVFolRGD8SdnA84yMKvsy', '123', '', 0, '', '', '0000-00-00 00:00:00', 0, '2019-08-15-10.56.31.625000', '2019-08-15-10.56.31.625000', 'dev13', 0, 'C01', '', '', ''),
(45, 45, '', 2, 'FT1000014', 'dev14@dev.co-mit.com', '$2b$10$O/X4h65xIMGlmP1qN.PfBe6Qg1c99NeYhVFolRGD8SdnA84yMKvsy', '123', '', 0, '', '', '0000-00-00 00:00:00', 0, '2019-08-15-10.56.31.635000', '2019-08-15-10.56.31.635000', 'dev14', 0, 'C01', '', '', ''),
(46, 46, '', 2, 'FT1000015', 'dev15@dev.co-mit.com', '$2b$10$O/X4h65xIMGlmP1qN.PfBe6Qg1c99NeYhVFolRGD8SdnA84yMKvsy', '123', '', 0, '', '', '0000-00-00 00:00:00', 0, '2019-08-15-10.56.31.644000', '2019-08-15-10.56.31.644000', 'dev15', 5, 'C01', '', '', ''),
(47, 47, '60', 0, 'FT1000016', 'dev16@dev.co-mit.com', '$2b$10$O/X4h65xIMGlmP1qN.PfBe6Qg1c99NeYhVFolRGD8SdnA84yMKvsy', '', '', 0, '', '', '0000-00-00 00:00:00', 0, '2019-08-15-10.56.31.653000', '2019-08-15-10.56.31.654000', 'dev16FT', 1, 'C01', '', '', ''),
(48, 48, '', 0, 'FT1000017', 'parksamin1g@gmail.com', '$2b$10$O/X4h65xIMGlmP1qN.PfBe6Qg1c99NeYhVFolRGD8SdnA84yMKvsy', '123', '', 0, '', 'o_b-W4q7HX6JS5fQ-_b10iEnYQTTOzNO_1578371246', '2020-01-06 21:27:26', 0, '2019-08-15-10.56.31.666000', '2020-01-07 11:27:26', 'dev17', 2, 'C01', '', '', ''),
(49, 49, '', 0, 'FT1000018', 'tan.vinaenter@gmail.c', '$2b$10$O/X4h65xIMGlmP1qN.PfBe6Qg1c99NeYhVFolRGD8SdnA84yMKvsy', '123', '', 0, '', 'r1Ogrw7wAMuyipiQWm2ZZWIuQSc8LWNS_1578370706', '2020-01-06 21:18:26', 0, '2019-08-15-10.56.31.676000', '2020-01-07 11:18:26', 'dev18', 3, 'C01', '', '', ''),
(50, 50, '', 0, 'FT1000019', 'dev19@dev.co-mit.com', '$2b$10$O/X4h65xIMGlmP1qN.PfBe6Qg1c99NeYhVFolRGD8SdnA84yMKvsy', '123', '', 0, '0', 'fj59XDQfnmz2pH4qLoq9YXDpdTfu1XA9E62Y7gu6ZrQ', '2019-09-26 01:48:25', 0, '2019-08-15-10.56.31.686000', '2019-08-15-10.56.31.686000', 'dev19', 4, 'C01', '', '', ''),
(51, 51, '', 0, 'FT1000020', 'parksaming@gmail.com', '$2y$13$LOZFGrjazF7eOvHdIntmWOm3fJjUohyS2p5ROvVb9BI6nD4m5CuOO', '123', '', 0, '0', 'RbfMJyU1HshOMj4MRl6A08WOuKzvL5ib_1578965657', '2020-01-13 18:34:17', 0, '2019-08-15-10.56.31.696000', '2020-01-14 08:34:17', 'dev20', 5, 'C01', '', '', ''),
(52, 52, '', 0, 'FT1000021', 'dev21@dev.co-mit.com', '$2b$10$O/X4h65xIMGlmP1qN.PfBe6Qg1c99NeYhVFolRGD8SdnA84yMKvsy', '123', '', 3, '1', '', '0000-00-00 00:00:00', 0, '2019-08-15-10.56.31.705000', '2019-12-26 09:54:59', 'dev21', 1, 'C01', '', '', ''),
(53, 53, '', 0, 'FT1000022', 'dev22@dev.co-mit.com', '$2b$10$O/X4h65xIMGlmP1qN.PfBe6Qg1c99NeYhVFolRGD8SdnA84yMKvsy', '123', '', 0, '0', '', '0000-00-00 00:00:00', 0, '2019-08-15-10.56.31.716000', '2019-08-15-10.56.31.716000', 'dev22', 2, 'C01', '', '', ''),
(54, 54, '', 0, 'FT1000023', 'dev23@dev.co-mit.com', '$2b$10$O/X4h65xIMGlmP1qN.PfBe6Qg1c99NeYhVFolRGD8SdnA84yMKvsy', '123', '', 0, '', '', '0000-00-00 00:00:00', 0, '2019-08-15-10.56.31.726000', '2019-08-15-10.56.31.726000', 'dev23', 3, 'C01', '', '', ''),
(55, 55, '', 0, 'FT1000024', 'dev24@dev.co-mit.com', '$2b$10$O/X4h65xIMGlmP1qN.PfBe6Qg1c99NeYhVFolRGD8SdnA84yMKvsy', '123', '', 0, '', '', '0000-00-00 00:00:00', 0, '2019-08-15-10.56.31.736000', '2019-08-15-10.56.31.736000', 'dev24', 4, 'C01', '', '', ''),
(56, 56, '', 0, 'FT1000025', 'dev25@dev.co-mit.com', '$2b$10$O/X4h65xIMGlmP1qN.PfBe6Qg1c99NeYhVFolRGD8SdnA84yMKvsy', '123', '', 0, '', '', '0000-00-00 00:00:00', 0, '2019-08-15-10.56.31.746000', '2019-08-15-10.56.31.746000', 'dev25', 5, 'C01', '', '', ''),
(57, 57, '', 0, 'FT1000026', 'dev26@dev.co-mit.com', '$2b$10$O/X4h65xIMGlmP1qN.PfBe6Qg1c99NeYhVFolRGD8SdnA84yMKvsy', '123', '', 0, '', '', '0000-00-00 00:00:00', 0, '2019-08-15-10.56.31.756000', '2019-08-15-10.56.31.756000', 'dev26', 1, 'C01', '', '', ''),
(58, 58, '', 0, 'FT1000027', 'dev27@dev.co-mit.com', '$2b$10$O/X4h65xIMGlmP1qN.PfBe6Qg1c99NeYhVFolRGD8SdnA84yMKvsy', '123', '', 0, '', '', '0000-00-00 00:00:00', 0, '2019-08-15-10.56.31.765000', '2019-08-15-10.56.31.765000', 'dev27', 2, 'C01', '', '', ''),
(59, 59, '', 0, 'FT1000028', 'dev281@dev.co-mit.com', '$2b$10$O/X4h65xIMGlmP1qN.PfBe6Qg1c99NeYhVFolRGD8SdnA84yMKvsy', '123', '', 0, '0', '', '0000-00-00 00:00:00', 0, '2019-08-15-10.56.31.775000', '2019-12-26 10:06:55', 'dev28FT', 3, 'C01', '', '', ''),
(60, 60, '', 0, 'FT1000029', 'dev29@dev.co-mit.com', '$2b$10$O/X4h65xIMGlmP1qN.PfBe6Qg1c99NeYhVFolRGD8SdnA84yMKvsy', '123', '', 0, '', '', '0000-00-00 00:00:00', 0, '2019-08-15-10.56.31.786000', '2019-08-15-10.56.31.786000', 'dev29', 4, 'C01', '', '', ''),
(72, 34, '', 0, 'FA1000030', 'dev07@dev.co-mit.com', '', '123', '', 0, '', '', '0000-00-00 00:00:00', 0, '2019-08-16-09.27.54.663000', '2019-08-16-09.27.54.663000', '山田さん', 0, 'C01', '', '2019-08-01', '2019-08-01'),
(73, 34, '', 0, 'FA1000031', 'dev07@dev.co-mit.com', '', '123', '', 0, '', 'ayGG_2MeJBXnWfKyMv7zYWOTioKQK0tUUqi8171OCs4', '2019-08-16 02:36:25', 0, '2019-08-16-09.27.54.675000', '2019-08-16-09.27.54.675000', 'dev31U', 0, 'C01', '', '', ''),
(74, 34, '', 0, 'FA1000032', 'dev07@dev.co-mit.com', '', '123', '', 0, '', '', '0000-00-00 00:00:00', 0, '2019-08-16-09.27.54.686000', '2019-08-16-09.27.54.686000', 'dev32U', 0, 'C01', '', '', ''),
(75, 34, '', 0, 'FA1000033', 'dev07@dev.co-mit.com', '', '123', '', 0, '', '', '0000-00-00 00:00:00', 0, '2019-08-16-09.27.54.696000', '2019-08-16-09.27.54.696000', 'dev33U', 0, 'C01', '', '', ''),
(92, 47, '', 0, 'FT1000066', 'dev16@dev.co-mit.com', '$2b$10$O/X4h65xIMGlmP1qN.PfBe6Qg1c99NeYhVFolRGD8SdnA84yMKvsy', '123', '', 0, '', '', '0000-00-00 00:00:00', 0, '2019-08-19-16.49.15.837000', '2019-08-19-16.49.15.838000', 'same16FT', 1, 'C01', '', '2019-08-19', '2019-08-19'),
(112, 45, '', 4, 'MN1000016', 'devmn@dev.co-mit.com', '$2b$10$O/X4h65xIMGlmP1qN.PfBe6Qg1c99NeYhVFolRGD8SdnA84yMKvsy', '123', '', 0, '', '', '0000-00-00 00:00:00', 1, '2019-08-21-10.13.49.430000', '2019-08-21-10.13.49.430000', 'devMN', 0, 'C01', '', '2019-08-01', '2019-08-01'),
(132, 73, '', 2, 'MN1000991', 'dev02@dev.co-mit.com', '$2b$10$8KnoojSK9BHz/kQFp5M5YOJnjOlkCY4bA6eEWnnLDJSEtQ074r.g.', '123', '', 0, '', '', '2019-08-21 07:10:34', 0, '2019-08-21-14.08.45.138000', '2019-08-21-14.08.45.138000', 'dev991', 0, 'C01', '', '2019-08-18', '2019-08-01'),
(152, 95, '', 4, 'MN1000992', 'dev02@dev.co-mit.com', '', '123', '', 0, '', '', '0000-00-00 00:00:00', 0, '2019-08-22-09.16.54.155000', '2019-08-22-09.16.54.155000', 'dev992', 0, 'C01', '', '2019-08-18', '2019-08-01'),
(153, 72, '', 2, 'MN1000099', 'dev02@dev.co-mit.com', '', '123', '', 0, '', '', '0000-00-00 00:00:00', 0, '2019-08-22-09.44.53.827000', '2019-08-22-09.44.53.827000', 'dev99', 1, 'C01', '', '2019-08-18', '2019-08-01'),
(154, 74, '', 0, 'MN1000993', 'dev02@dev.co-mit.com', '', '123', '', 0, '', '', '0000-00-00 00:00:00', 0, '2019-08-22-10.05.15.707000', '2019-08-22-10.05.15.707000', 'dev991', 2, 'C01', '', '2019-08-18', '2019-08-01'),
(155, 16, '', 0, 'FT0000001', 'dummy@docomo.ne.jp', '', '08067061454', '', 0, '', '', '0000-00-00 00:00:00', 0, '2019-08-29-08.24.00.803000', '2019-08-29-08.24.00.803000', '鵜飼一樹', 1, 'CP00001', '000000002225152', '2019-07-26', '2019-08-05'),
(156, 47, '', 0, 'MN1000997', 'dev02@dev.co-mit.com', '', '', '', 0, '', '', '0000-00-00 00:00:00', 0, '2019-08-29-08.27.11.280000', '2019-08-29-08.27.11.280000', 'dev991321321321', 2, 'C01', '', '', ''),
(175, 41, '', 2, 'qwqwqA1', 'dev01@dev.co-mit.com', '', '', '', 0, '', '', '0000-00-00 00:00:00', 0, '2019-09-11-09.08.57.384000', '2019-09-11-09.08.57.384000', 'devUpdate', 0, 'C01', '', '', ''),
(176, 41, '', 2, 'q', 'dev01@dev.co-mit.com', '', '', '', 0, '', '', '0000-00-00 00:00:00', 0, '2019-09-11-09.10.43.060000', '2019-09-11-09.10.43.060000', 'devUpdate', 0, 'C01', '', '', ''),
(177, 41, '', 2, 'q', 'dev01@dev.co-mit.com', '', '', '', 0, '', '', '0000-00-00 00:00:00', 0, '2019-09-11-09.13.25.528000', '2019-09-11-09.13.25.528000', 'devUpdate', 0, 'C01', '', '', ''),
(195, 59, '60', 0, 'FT1000128', 'dev81@dev.co-mit.com', '$2b$10$O/X4h65xIMGlmP1qN.PfBe6Qg1c99NeYhVFolRGD8SdnA84yMKvsy', '', '', 0, '', '', '0000-00-00 00:00:00', 0, '2019-09-12-08.24.17.976000', '2019-09-12-08.24.17.976000', 'dev128FT', 3, 'C01', '', '', ''),
(196, 59, '', 0, 'FT1000129', 'dev81@dev.co-mit.com', '$2b$10$O/X4h65xIMGlmP1qN.PfBe6Qg1c99NeYhVFolRGD8SdnA84yMKvsy', '', '', 0, '', '', '0000-00-00 00:00:00', 0, '2019-09-18-09.35.19.911000', '2019-09-18-09.35.19.911000', 'dev129FT', 3, 'C01', '', '', '');

-- --------------------------------------------------------

--
-- Table structure for table `work`
--

CREATE TABLE `work` (
  `id` int(11) NOT NULL,
  `userCode` varchar(45) COLLATE utf8_unicode_ci NOT NULL,
  `workedOrganizationId` int(11) NOT NULL,
  `code` varchar(45) COLLATE utf8_unicode_ci DEFAULT NULL,
  `officeComment` varchar(300) COLLATE utf8_unicode_ci DEFAULT NULL,
  `status` smallint(6) DEFAULT NULL,
  `start` timestamp NULL DEFAULT NULL,
  `end` timestamp NULL DEFAULT NULL,
  `checkType` int(11) DEFAULT NULL,
  `date` date NOT NULL,
  `powerAIImage` varchar(255) COLLATE utf8_unicode_ci DEFAULT NULL,
  `confirmStatus` smallint(6) DEFAULT NULL,
  `isObjectRecognizeSuccess` smallint(6) DEFAULT NULL,
  `faOperationId` varchar(30) COLLATE utf8_unicode_ci DEFAULT NULL,
  `faOperationKind` varchar(30) COLLATE utf8_unicode_ci DEFAULT NULL,
  `faOperationDetail` varchar(100) COLLATE utf8_unicode_ci DEFAULT NULL,
  `faOperationDate` varchar(30) COLLATE utf8_unicode_ci DEFAULT NULL,
  `faConstructionTimePeriod` varchar(30) COLLATE utf8_unicode_ci DEFAULT NULL,
  `createdAt` timestamp NOT NULL DEFAULT CURRENT_TIMESTAMP,
  `updatedAt` timestamp NOT NULL DEFAULT CURRENT_TIMESTAMP
) ENGINE=InnoDB DEFAULT CHARSET=utf8 COLLATE=utf8_unicode_ci;

--
-- Dumping data for table `work`
--

INSERT INTO `work` (`id`, `userCode`, `workedOrganizationId`, `code`, `officeComment`, `status`, `start`, `end`, `checkType`, `date`, `powerAIImage`, `confirmStatus`, `isObjectRecognizeSuccess`, `faOperationId`, `faOperationKind`, `faOperationDetail`, `faOperationDate`, `faConstructionTimePeriod`, `createdAt`, `updatedAt`) VALUES
(92, 'ft1000019', 50, '0107-2', NULL, 2, '2020-01-07 03:00:57', NULL, NULL, '2020-01-07', '0_ft1000019_20200107_0107-2_A.jpg', NULL, NULL, NULL, NULL, NULL, NULL, NULL, '2020-01-07 10:00:51', '2020-01-07 10:00:51'),
(95, 'FT1000020', 51, '1000', NULL, 2, '2020-01-07 19:50:34', NULL, NULL, '2020-01-08', '0__20200108_1000_A.jpg', NULL, NULL, '20190102202223111_12345', '一般故障', '一般故障（AI）', '2019-08-16 00:00:00', '11:00-12:00', '2020-01-08 02:48:21', '2020-01-08 02:48:21'),
(96, 'FT1000020', 51, '0108-1', NULL, 6, '2020-01-07 19:52:58', '2020-01-07 19:53:06', NULL, '2020-01-08', '0_FT1000020_20200108_0108-1_A.jpg', NULL, NULL, NULL, NULL, NULL, NULL, NULL, '2020-01-08 02:52:42', '2020-01-08 02:52:42'),
(97, 'FT1000020', 51, '0108-2', NULL, 6, '2020-01-07 19:55:11', '2020-01-07 19:55:16', NULL, '2020-01-08', '0_FT1000020_20200108_0108-2_A.jpg', NULL, NULL, NULL, NULL, NULL, NULL, NULL, '2020-01-08 02:54:58', '2020-01-08 02:54:58'),
(98, 'FT1000020', 51, '1009', NULL, 1, NULL, NULL, NULL, '2020-01-08', NULL, NULL, NULL, '20190102202223111_12345', '一般故障', '一般故障（AI）', '2019-08-16 00:00:00', '11:00-12:00', '2020-01-08 03:03:45', '2020-01-08 03:03:45'),
(99, 'FT1000020', 51, '1007', NULL, 2, NULL, NULL, NULL, '2020-01-16', NULL, NULL, NULL, '20190102202223111_12345', '一般故障', '一般故障（AI）', '2019-08-16 00:00:00', '11:00-12:00', '2020-01-08 03:05:49', '2020-01-08 03:05:49'),
(100, 'FT1000021', 52, '1000', NULL, 4, NULL, NULL, NULL, '2020-01-15', NULL, NULL, NULL, '20190102202223111_12345', '一般故障', '一般故障（AI）', '2019-08-16 00:00:00', '11:00-12:00', '2020-01-15 06:19:38', '2020-01-15 06:19:38'),
(101, 'AC1000008', 51, '1000', NULL, 2, '2020-01-14 23:25:05', NULL, NULL, '2020-01-20', 'powerAIImage.png', NULL, NULL, '20190102202223111_12345', '一般故障', '一般故障（AI）', '2019-08-16 00:00:00', '11:00-12:00', '2020-01-15 06:20:28', '2020-01-15 06:20:28'),
(102, 'FT1000020', 51, '1002', NULL, 2, NULL, NULL, NULL, '2020-01-30', NULL, NULL, NULL, '20190102202223111_12345', '一般故障', '一般故障（AI）', '2019-08-16 00:00:00', '11:00-12:00', '2020-01-16 02:49:56', '2020-01-16 02:49:56'),
(103, 'FT1000020', 51, '1005', NULL, 4, '2020-02-12 03:10:00', NULL, NULL, '2020-02-17', NULL, NULL, NULL, '20190102202223111_12345', '一般故障', '一般故障（AI）', '2019-08-16 00:00:00', '11:00-12:00', '2020-01-16 02:50:24', '2020-01-16 02:50:24'),
(104, 'FT1000021', 52, '1005', NULL, 2, '2020-02-12 03:23:00', NULL, NULL, '2020-02-17', NULL, NULL, NULL, '20190102202223111_12345', '一般故障', '一般故障（AI）', '2019-08-16 00:00:00', '11:00-12:00', '2020-01-16 03:01:55', '2020-01-16 03:01:55'),
(105, 'AC1000016', 16, '1005', NULL, 6, '2020-02-11 17:00:00', NULL, NULL, '2020-02-17', NULL, NULL, NULL, '20190102202223111_12345', '一般故障', '一般故障（AI）', '2019-08-16 00:00:00', '11:00-12:00', '2020-01-16 04:04:13', '2020-01-16 04:04:13'),
(107, 'FT1000019', 50, '1001', NULL, 5, '2020-02-12 05:32:00', NULL, NULL, '2020-02-17', NULL, NULL, NULL, '20190102202223111_12345', '一般故障', '一般故障（AI）', '2019-08-16 00:00:00', '11:00-12:00', '2020-01-16 04:24:57', '2020-01-16 04:24:57'),
(108, 'FT1000015', 46, '1001', 'dadadasdasd', 3, '2020-02-12 04:23:00', '2020-02-03 05:32:00', NULL, '2020-02-17', NULL, NULL, NULL, '20190102202223111_12345', '一般故障', '一般故障（AI）', '2019-08-16 00:00:00', '11:00-12:00', '2020-01-30 06:37:28', '2020-01-30 06:37:28');

-- --------------------------------------------------------

--
-- Table structure for table `work_type`
--

CREATE TABLE `work_type` (
  `id` int(2) NOT NULL,
  `name` varchar(8) DEFAULT NULL,
  `aerialWork` int(1) DEFAULT NULL,
  `scene` varchar(17) DEFAULT NULL,
  `createdAt` varchar(26) DEFAULT NULL,
  `updatedAt` varchar(26) DEFAULT NULL,
  `displayOrder` int(2) DEFAULT NULL
) ENGINE=InnoDB DEFAULT CHARSET=utf8;

--
-- Dumping data for table `work_type`
--

INSERT INTO `work_type` (`id`, `name`, `aerialWork`, `scene`, `createdAt`, `updatedAt`, `displayOrder`) VALUES
(1, '昇柱-補助梯子', 1, 'task_assist', '2019-09-06-10.20.02.528000', '2019-09-06-10.20.02.528000', 1),
(2, '昇柱-脚立', 1, 'task_step_up', '2019-09-06-10.20.02.528000', '2019-09-06-10.20.02.528000', 2),
(3, '昇柱-梯子', 1, 'task_ladder_up', '2019-09-06-10.20.02.528000', '2019-09-06-10.20.02.528000', 3),
(4, '梯子-柱間', 1, 'task_ladder_cable', '2019-09-06-10.20.02.528000', '2019-09-06-10.20.02.528000', 4),
(5, '梯子-家屋', 1, 'task_ladder_wall', '2019-09-06-10.20.02.528000', '2019-09-06-10.20.02.528000', 5),
(6, '脚立-通常', 1, 'task_step_stand', '2019-09-06-10.20.02.528000', '2019-09-06-10.20.02.528000', 6),
(7, '脚立-開き', 1, 'task_step_wall', '2019-09-06-10.20.02.528000', '2019-09-06-10.20.02.528000', 7),
(8, 'バケット-張出後', 1, 'task_backet', '2019-09-06-10.20.02.528000', '2019-09-06-10.20.02.528000', 8),
(9, '支店独自①', 0, '', '2019-09-06-10.20.02.528000', '2019-09-06-10.20.02.528000', 9),
(10, '支店独自②', 0, '', '2019-09-06-10.20.02.528000', '2019-09-06-10.20.02.528000', 10),
(11, '支店独自③', 0, '', '2019-09-06-10.20.02.528000', '2019-09-06-10.20.02.528000', 11),
(12, '宅内', 0, '', '2019-09-06-10.20.02.528000', '2019-09-06-10.20.02.528000', 12);

-- --------------------------------------------------------

--
-- Structure for view `organization_parent`
--
DROP TABLE IF EXISTS `organization_parent`;

CREATE ALGORITHM=UNDEFINED DEFINER=`root`@`localhost` SQL SECURITY DEFINER VIEW `organization_parent`  AS  select `u`.`userCode` AS `userCode`,`u`.`userName` AS `userName`,`o`.`id` AS `level_id 5`,`o`.`organizationName` AS `level_name 5`,`o1`.`id` AS `level_id 4`,`o1`.`organizationName` AS `level_name 4`,`o2`.`id` AS `level_id 3`,`o2`.`organizationName` AS `level_name 3`,`o3`.`id` AS `level_id 2`,`o3`.`organizationName` AS `level_name 2`,`o4`.`id` AS `level_id 1`,`o4`.`organizationName` AS `level_name 1` from (((((`users` `u` join `organization` `o` on((`o`.`id` = `u`.`organizationId`))) join `organization` `o1` on((`o`.`parentId` = `o1`.`id`))) join `organization` `o2` on((`o1`.`parentId` = `o2`.`id`))) join `organization` `o3` on((`o2`.`parentId` = `o3`.`id`))) join `organization` `o4` on((`o3`.`parentId` = `o4`.`id`))) where (`o`.`organizationLevelId` = 5) ;

--
-- Indexes for dumped tables
--

--
-- Indexes for table `alert_recommend`
--
ALTER TABLE `alert_recommend`
  ADD PRIMARY KEY (`id`);

--
-- Indexes for table `audio`
--
ALTER TABLE `audio`
  ADD PRIMARY KEY (`id`);

--
-- Indexes for table `confirm_type`
--
ALTER TABLE `confirm_type`
  ADD PRIMARY KEY (`id`);

--
-- Indexes for table `image`
--
ALTER TABLE `image`
  ADD PRIMARY KEY (`id`);

--
-- Indexes for table `log`
--
ALTER TABLE `log`
  ADD PRIMARY KEY (`id`);

--
-- Indexes for table `master_update`
--
ALTER TABLE `master_update`
  ADD PRIMARY KEY (`id`);

--
-- Indexes for table `migration`
--
ALTER TABLE `migration`
  ADD PRIMARY KEY (`version`);

--
-- Indexes for table `office_check_task`
--
ALTER TABLE `office_check_task`
  ADD PRIMARY KEY (`id`);

--
-- Indexes for table `organization`
--
ALTER TABLE `organization`
  ADD PRIMARY KEY (`id`);

--
-- Indexes for table `self_check_task`
--
ALTER TABLE `self_check_task`
  ADD PRIMARY KEY (`id`);

--
-- Indexes for table `users`
--
ALTER TABLE `users`
  ADD PRIMARY KEY (`id`);

--
-- Indexes for table `work`
--
ALTER TABLE `work`
  ADD PRIMARY KEY (`id`);

--
-- Indexes for table `work_type`
--
ALTER TABLE `work_type`
  ADD PRIMARY KEY (`id`);

--
-- AUTO_INCREMENT for dumped tables
--

--
-- AUTO_INCREMENT for table `alert_recommend`
--
ALTER TABLE `alert_recommend`
  MODIFY `id` int(11) NOT NULL AUTO_INCREMENT, AUTO_INCREMENT=2;

--
-- AUTO_INCREMENT for table `audio`
--
ALTER TABLE `audio`
  MODIFY `id` int(11) NOT NULL AUTO_INCREMENT, AUTO_INCREMENT=9;

--
-- AUTO_INCREMENT for table `confirm_type`
--
ALTER TABLE `confirm_type`
  MODIFY `id` int(11) NOT NULL AUTO_INCREMENT, AUTO_INCREMENT=22;

--
-- AUTO_INCREMENT for table `image`
--
ALTER TABLE `image`
  MODIFY `id` int(11) NOT NULL AUTO_INCREMENT, AUTO_INCREMENT=12;

--
-- AUTO_INCREMENT for table `log`
--
ALTER TABLE `log`
  MODIFY `id` int(11) NOT NULL AUTO_INCREMENT, AUTO_INCREMENT=28;

--
-- AUTO_INCREMENT for table `master_update`
--
ALTER TABLE `master_update`
  MODIFY `id` int(11) NOT NULL AUTO_INCREMENT, AUTO_INCREMENT=2;

--
-- AUTO_INCREMENT for table `office_check_task`
--
ALTER TABLE `office_check_task`
  MODIFY `id` int(11) NOT NULL AUTO_INCREMENT, AUTO_INCREMENT=2;

--
-- AUTO_INCREMENT for table `self_check_task`
--
ALTER TABLE `self_check_task`
  MODIFY `id` int(11) NOT NULL AUTO_INCREMENT, AUTO_INCREMENT=8;

--
-- AUTO_INCREMENT for table `work`
--
ALTER TABLE `work`
  MODIFY `id` int(11) NOT NULL AUTO_INCREMENT, AUTO_INCREMENT=109;
